[{"code":"","src":"https://cdn.lightwidget.com/widgets/lightwidget.js","priority":10,"key":"widget-0"},{"code":"(function() {\r\n    let link = document.querySelector(\"link[rel*='icon']\") || document.createElement('link');\r\n    link.type = 'image/x-icon';\r\n    link.rel = 'shortcut icon';\r\n    link.href = 'https://iili.io/hDbnqu.png';\r\n    document.getElementsByTagName('head')[0].appendChild(link);\r\n  })();\r\n  function faviconIn(){\r\n    let link = document.querySelector(\"link[rel*='icon']\") || document.createElement('link');\r\n    link.type = 'image/x-icon';link.rel = 'shortcut icon';\r\n    link.href = 'https://iili.io/hDbnqu.png';\r\n    document.getElementsByTagName('head')[0].appendChild(link)\r\n  };\r\n  \r\n  setTimeout(faviconIn,1000);","src":"","priority":10,"key":"widget-1"},{"code":"\r\nvar flechaDecohogar = document.querySelector(\".decohogar-flecha-mobile\");\r\nvar subcategoriaDecohogar = document.querySelector(\".subcategoria-decohogar\");\r\nlet cohogarRemoved = true\r\nlet decohogarParent = document.getElementById('decohogar-parent')\r\nlet newDecohogar = document.createElement('div')\r\n\r\nflechaDecohogar.addEventListener(\"click\", function(){\r\n    if(cohogarRemoved){\r\n        newDecohogar.classList = 'subcategorias','subcategoria-decohogar' \r\n        newDecohogar.innerHTML = `<ul><li><a href=\"/decohogar-adornos-y-decoraci%C3%B3n\">Adornos y Decoración</a></li><li><a href=\"/decohogar-organizacion-y-limpieza\">Organización y Limpieza</a></li><li><a href=\"/decohogar-jardin-y-aire-libre\">Jardín y Aire Libre</a></li><li><a href=\"/decohogar\">Ver Todo</a></li></ul>`\r\n    \r\n        decohogarParent.appendChild(newDecohogar)\r\n        cohogarRemoved = false\r\n    }else{\r\n        newDecohogar.remove()\r\n        cohogarRemoved = true\r\n    }\r\n})\r\n////////////////////////////////////////////////////////////////////////////////////\r\nvar flechacocina = document.querySelector(\".cocina-flecha-mobile\");\r\nvar subcategoriacocina = document.querySelector(\".subcategoria-cocina\");\r\nlet cocinaRemoved = true\r\nlet cocinaParent = document.getElementById('cocina-parent')\r\nlet newCocina = document.createElement('div')\r\n\r\nflechacocina.addEventListener(\"click\", function(){\r\n    if(cocinaRemoved){\r\n        newCocina.classList = 'subcategorias', 'subcategoria-cocina'\r\n        newCocina.innerHTML = `<div class=\"subcategorias subcategoria-cocina\"><ul><li><a href=\"/cocina-organizaci%C3%B3n\">Organización</a></li><li><a href=\"/cocina-utensilios\">Utensillos</a></li><li><a href=\"/cocina\">Ver Todo</a></li></ul></div>`\r\n    \r\n        cocinaParent.appendChild(newCocina)\r\n        cocinaRemoved = false\r\n    }else{\r\n        newCocina.remove()\r\n        cocinaRemoved = true\r\n    }\r\n})\r\n////////////////////////////////////////////////////////////////////////////////////\r\n\r\n\r\nvar flechadeporte = document.querySelector(\".deporte-flecha-mobile\");\r\nvar subcategoriadeporte = document.querySelector(\".subcategoria-deporte\");\r\nlet deporteRemoved = true\r\nlet deporteParent = document.getElementById('deporte-parent')\r\nlet newDeporte = document.createElement('div')\r\n\r\nflechadeporte.addEventListener(\"click\", function(){\r\n    if(deporteRemoved){\r\n        newDeporte.classList = 'subcategorias', 'subcategoria-deporte'\r\n        newDeporte.innerHTML = `<div class=\"subcategorias subcategoria-deporte\"><ul><li><a href=\"/deporte-accesorios\">Accesorios</a></li><li><a href=\"/gym-en-casa\">Gym en casa</a></li><li><a href=\"/deporte-pesas-y-mancuernas\">Pesas y Mancuernas</a></li><li><a href=\"/deporte\">Ver Todo</a></li></ul></div>`\r\n    \r\n        deporteParent.appendChild(newDeporte)\r\n        deporteRemoved = false\r\n    }else{\r\n        newDeporte.remove()\r\n        deporteRemoved = true\r\n    }\r\n})\r\n////////////////////////////////////////////////////////////////////////////////////\r\nvar flechamascota = document.querySelector(\".mascota-flecha-mobile\");\r\nvar subcategoriamascota = document.querySelector(\".subcategoria-mascota\");\r\nlet mascotaRemoved = true\r\nlet mascotaParent = document.getElementById('mascotas-parent')\r\nlet newMascota = document.createElement('div')\r\n\r\nflechamascota.addEventListener(\"click\", function(){\r\n    if(mascotaRemoved){\r\n        newMascota.classList = 'subcategorias', 'subcategoria-mascota'\r\n        newMascota.innerHTML = `<div class=\"subcategorias subcategoria-mascota\"><ul><li><a href=\"/mascotas-casas-y-camas\">Casas y Camas</a></li><li><a href=\"/mascotas-higiene-y-cuidado\">Higiene y Cuidados</a></li><li><a href=\"/mascotas-entretenci%C3%B3n\">Entretención</a></li><li><a href=\"/mascotas-paseo\">Paseo</a></li><li><a href=\"/mascotas-platos-y-dispensadores\">Platos y Dispensadores</a></li><li><a href=\"/mascotas-rascadores\">Rascadores</a></li><li><a href=\"/mascotas\">Ver Todo</a></li></ul></div>`\r\n    \r\n        mascotaParent.appendChild(newMascota)\r\n        mascotaRemoved = false\r\n    }else{\r\n        newMascota.remove()\r\n        mascotaRemoved = true\r\n    }\r\n})\r\n////////////////////////////////////////////////////////////////////////////////////\r\nvar flechainfantil = document.querySelector(\".infantil-flecha-mobile\");\r\nvar subcategoriainfantil = document.querySelector(\".subcategoria-infantil\");\r\nlet infantilRemoved = true\r\nlet infantilParent = document.getElementById('infantil-parent')\r\nlet newInfantil = document.createElement('div')\r\n\r\nflechainfantil.addEventListener(\"click\", function(){\r\n    if(infantilRemoved){\r\n        newInfantil.classList = 'subcategorias', 'subcategoria-infantil'\r\n        newInfantil.innerHTML = `<div class=\"subcategorias subcategoria-infantil\"><ul><li><a href=\"/infantil-accesorios\">Accesorios</a></li><li><a href=\"/infantil-bebes\">Bebés</a></li><li><a href=\"/infantil-juguetes\">Juguetes</a></li><li><a href=\"/infantil-mochilas\">Mochilas</a></li><li><a href=\"/infantil-vasos-y-botellas\">Vasos y Botellas</a></li><li><a href=\"/infantil\">Ver Todo</a></li></ul></div>`\r\n    \r\n        infantilParent.appendChild(newInfantil)\r\n        infantilRemoved = false\r\n    }else{\r\n        newInfantil.remove()\r\n        infantilRemoved = true\r\n    }\r\n})\r\n////////////////////////////////////////////////////////////////////////////////////\r\nvar flechabelleza = document.querySelector(\".belleza-flecha-mobile\");\r\nvar subcategoriabelleza = document.querySelector(\".subcategoria-belleza\");\r\nlet bellezaRemoved = true\r\nlet bellezaParent = document.getElementById('belleza-parent')\r\nlet newBelleza = document.createElement('div')\r\n\r\nflechabelleza.addEventListener(\"click\", function(){\r\n    if(bellezaRemoved){\r\n        newBelleza.classList = 'subcategorias', 'subcategoria-belleza'\r\n        newBelleza.innerHTML = `<div class=\"subcategorias subcategoria-belleza\"><ul><li><a href=\"/belleza-accesorios\">Accesorios</a></li><li><a href=\"/belleza-maqullaje\">Maquillaje</a></li><li><a href=\"/belleza-spa\">Spa</a></li><li><a href=\"/belleza\">Ver Todo</a></li></ul></div>`\r\n    \r\n        bellezaParent.appendChild(newBelleza)\r\n        bellezaRemoved = false\r\n    }else{\r\n        newBelleza.remove()\r\n        bellezaRemoved = true\r\n    }\r\n})\r\n////////////////////////////////////////////////////////////////////////////////////\r\nvar flechapapeleria = document.querySelector(\".papeleria-flecha-mobile\");\r\nvar subcategoriapapeleria = document.querySelector(\".subcategoria-papeleria\");\r\nlet papeleriaRemoved = true\r\nlet papeleriaParent = document.getElementById('escritorio-parent')\r\nlet newPapeleria = document.createElement('div')\r\n\r\nflechapapeleria.addEventListener(\"click\", function(){\r\n    if(papeleriaRemoved){\r\n        newPapeleria.classList = 'subcategorias', 'subcategoria-papeleria'\r\n        newPapeleria.innerHTML = `<div class=\"subcategorias subcategoria-papeleria\"><ul><li><a href=\"/escritorio-gamer\">Gamer</a></li><li><a href=\"/escritorio-papeleria\">Papelería</a></li><li><a href=\"/escritorio\">Ver Todo</a></li></ul></div>`\r\n    \r\n        papeleriaParent.appendChild(newPapeleria)\r\n        papeleriaRemoved = false\r\n    }else{\r\n        newPapeleria.remove()\r\n        papeleriaRemoved = true\r\n    }\r\n})\r\n","src":"","priority":10,"key":"widget-2"},{"code":"const URLactual = window.location.pathname;\r\n// const instagram = document.querySelector(\".instagram-contenedor\");\r\n// const informacion = document.querySelector(\".informacion-contenedor\");\r\n// const newsletter = document.querySelector(\".banner-newsletter\");\r\nconst instagramParent = document.getElementById('instagram-parent')\r\n\r\nif (URLactual == \"/\") {\r\n    // instagram.classList.toggle(\"invisible\");\r\n    // informacion.classList.toggle(\"invisible\");\r\n    // newsletter.classList.toggle(\"invisible\");\r\n\r\n    let instagram = document.createElement('div')\r\n    instagram.classList = 'instagram-contenedor'\r\n    instagram.innerHTML = `<div class=\"instagram-contenedor\"><h2>¡Síguenos en instagram!</h2><iframesrc=\"https://cdn.lightwidget.com/widgets/e6d7de7308c55272831b619bb797f6b4.html\"scrolling=\"no\"allowtransparency=\"true\"class=\"lightwidget-widget\"style=\"width:100%;border:0;overflow:hidden;\"></iframe</div>`\r\n\r\n    instagramParent.appendChild(instagram)\r\n}\r\n","src":"","priority":10,"key":"widget-3"},{"code":"const URLactual = window.location.pathname;\r\n\r\nif (URLactual == \"/quienes-somos\") {\r\n    if (document.querySelector(\".ui-search\")) {\r\n        const ui_search = document.querySelector(\".ui-search\");\r\n\r\n        ui_search.remove();\r\n\r\n        let main = document.querySelector(\"#root-app\");\r\n\r\n        let contenedor_principal = document.createElement(\"div\");\r\n        let texto_introduccion = document.createElement(\"div\");\r\n        let texto_introduccion_h1 = document.createElement(\"h1\");\r\n        let texto_introduccion_p_1 = document.createElement(\"p\");\r\n        let texto_introduccion_p_2 = document.createElement(\"p\");\r\n\r\n        let texto_personas = document.createElement(\"div\");\r\n        let texto_personas_izquierda = document.createElement(\"div\");\r\n        let texto_personas_izquierda_h2 = document.createElement(\"h2\");\r\n        let texto_personas_izquierda_h3 = document.createElement(\"h3\");\r\n        let texto_personas_izquierda_p_1 = document.createElement(\"p\");\r\n        let texto_personas_izquierda_p_2 = document.createElement(\"p\");\r\n        let texto_personas_derecha = document.createElement(\"div\");\r\n        let texto_personas_derecha_img = document.createElement(\"img\");\r\n        let texto_personas_derecha_h4 = document.createElement(\"h4\");\r\n\r\n        let texto_familia = document.createElement(\"div\");\r\n        let texto_familia_izquierda = document.createElement(\"div\");\r\n        let texto_familia_izquierda_img = document.createElement(\"img\");\r\n        let texto_familia_izquierda_h4 = document.createElement(\"h4\");\r\n        let texto_familia_derecha = document.createElement(\"div\");\r\n        let texto_familia_derecha_p_1 = document.createElement(\"p\");\r\n        let texto_familia_derecha_p_2 = document.createElement(\"p\");\r\n        let texto_familia_derecha_p_3 = document.createElement(\"p\");\r\n\r\n        let texto_productos = document.createElement(\"div\");\r\n        let texto_productos_izquierda = document.createElement(\"div\");\r\n        let texto_productos_izquierda_h2 = document.createElement(\"h2\");\r\n        let texto_productos_izquierda_h3 = document.createElement(\"h3\");\r\n        let texto_productos_izquierda_p_1 = document.createElement(\"p\");\r\n        let texto_productos_izquierda_p_2 = document.createElement(\"p\");\r\n        let texto_productos_derecha = document.createElement(\"div\");\r\n        let texto_productos_derecha_img = document.createElement(\"img\");\r\n        let texto_productos_derecha_h4 = document.createElement(\"h4\");\r\n\r\n        let texto_variedad = document.createElement(\"div\");\r\n        let texto_variedad_izquierda = document.createElement(\"div\");\r\n        let texto_variedad_izquierda_img = document.createElement(\"img\");\r\n        let texto_variedad_izquierda_h4 = document.createElement(\"h4\");\r\n        let texto_variedad_derecha = document.createElement(\"div\");\r\n        let texto_variedad_derecha_p_1 = document.createElement(\"p\");\r\n        let texto_variedad_derecha_p_2 = document.createElement(\"p\");\r\n        let texto_variedad_derecha_p_3 = document.createElement(\"p\");\r\n\r\n        let texto_final = document.createElement(\"div\");\r\n        let texto_final_h2 = document.createElement(\"h2\");\r\n        let texto_final_p = document.createElement(\"p\");\r\n\r\n        texto_introduccion_h1.textContent = \"Somos...\";\r\n        texto_introduccion_p_1.textContent = \"Somos una empresa joven, creada en diciembre del 2020 por un grupo de especialistas en el rubro con mas de 10 años de experiencia.\";\r\n        texto_introduccion_p_2.textContent = \"Nos dedicamos a la importación y distribución de productos esenciales para el uso cotidiano. Actualmente manejamos 8 categorias en nuestra web, estas son: Belleza, Mascotas, Deporte, Cocina, Decohogar, Oficina, Infantil, y Esenciales\";\r\n\r\n        texto_personas_izquierda_h2.textContent = \"Personas\";\r\n        texto_personas_izquierda_h3.textContent = \"Con valor y dedicación\";\r\n        texto_personas_izquierda_p_1.textContent = \"Somos un equipo de personas dedicadas a entregar el mejor servicio de venta y post venta en Esencial Shop.\";\r\n        texto_personas_izquierda_p_2.textContent = \"Nos caracterizamos por la simpatía y compañerismo. Somos personas especialistas en nuestra área, comprometidos con nuestro trabajo y nuestros clientes. Siempre buscamos mejorar y crecer como personas y profesionales. Nuestro valor se basa en desarrollar todas las gestiones en torno a ustedes.\";\r\n        texto_personas_derecha_img.src = \"https://iili.io/hDDRPs.png\";\r\n        texto_personas_derecha_h4.innerHTML = \"Despachamos a <br> todo Chile\";\r\n\r\n        texto_familia_izquierda_img.src = \"https://iili.io/hDD7KG.png\";\r\n        texto_familia_izquierda_h4.innerHTML = \"Trabajamos en <br> familia\";\r\n        texto_familia_derecha_p_1.textContent = \"La motivación es algo diario en nuestro ADN, trabajamos con metas, desafíos y plazos para mantener siempre activo a nuestro equipo.\"\r\n        texto_familia_derecha_p_2.textContent = \"Cada problema o inconveniente lo trabajamos como familia para sobrellevarlo, asimismo cuando hay celebraciones. Es un éxito compartido.\"\r\n        texto_familia_derecha_p_3.textContent = \"En Esencial shop buscamos estar a la vanguardia y en tendencia con los productos del momento. Siempre innovamos para que quienes visitan nuestra tienda se lleven algo novedoso, bonito y de calidad a su hogar.\";\r\n\r\n        texto_productos_izquierda_h2.textContent = \"Nuestros productos\";\r\n        texto_productos_izquierda_h3.textContent = \"y procesos\";\r\n        texto_productos_izquierda_p_1.textContent = \"Nos especializamos en la importación, principalmente del comercio asiatico. Nuestros productos pasan por un proceso de selección especial en donde revisamos la utilidad, calidad y practicidad.\";\r\n        texto_productos_izquierda_p_2.textContent = \"Nuestro fin es satisfacer, facilitar y embellecer los espacios de nuestros clientes. Buscamos la manera de tener los mejores artículos al mejor precio para que todos puedan acceder a ellos.\";\r\n        texto_productos_derecha_img.src = \"https://iili.io/hDDYlf.png\";\r\n        texto_productos_derecha_h4.innerHTML = \"Mas de 500 <br> productos activos\";\r\n\r\n        texto_variedad_izquierda_img.src = \"https://iili.io/hDDaS4.png\";\r\n        texto_variedad_izquierda_h4.innerHTML = \"Variedad en <br> colores y diseños\";\r\n        texto_variedad_derecha_p_1.textContent = \"El proceso lo compone el equipo de calidad, logística y marketing para estar pendiente de cualquier detalle que pueda aparecer.\"\r\n        texto_variedad_derecha_p_2.textContent = \"Actualmente tenemos un aproximado de 500 productos activos en nuestra web, brindando diversidad de colores, diseños y variantes disponibles del mismo objeto.\";\r\n        texto_variedad_derecha_p_3.textContent = \"Realizamos 4 importaciones al año, con el fin de ir renovando y supliendo las nuevas necesidades de nuestros clientes. Además de abarcar las distintas temporadas para entregar un artículo nuevo que se adapte a sus requerimientos.\"\r\n\r\n        texto_final_h2.textContent = \"Meta\";\r\n        texto_final_p.textContent = \"Nuestra meta es clara: entregar siempre calidad, tendencia y servicio a quienes nos prefieren y han confiado en nosotros.\";\r\n\r\n        main.appendChild(contenedor_principal);\r\n        contenedor_principal.appendChild(texto_introduccion);\r\n        texto_introduccion.appendChild(texto_introduccion_h1);\r\n        texto_introduccion.appendChild(texto_introduccion_p_1);\r\n        texto_introduccion.appendChild(texto_introduccion_p_2);\r\n\r\n        contenedor_principal.appendChild(texto_personas);\r\n        texto_personas.appendChild(texto_personas_izquierda);\r\n        texto_personas_izquierda.appendChild(texto_personas_izquierda_h2);\r\n        texto_personas_izquierda.appendChild(texto_personas_izquierda_h3);\r\n        texto_personas_izquierda.appendChild(texto_personas_izquierda_p_1);\r\n        texto_personas_izquierda.appendChild(texto_personas_izquierda_p_2);\r\n        texto_personas.appendChild(texto_personas_derecha);\r\n        texto_personas_derecha.appendChild(texto_personas_derecha_img);\r\n        texto_personas_derecha.appendChild(texto_personas_derecha_h4);\r\n\r\n        contenedor_principal.appendChild(texto_familia);\r\n        texto_familia.appendChild(texto_familia_izquierda);\r\n        texto_familia_izquierda.appendChild(texto_familia_izquierda_img);\r\n        texto_familia_izquierda.appendChild(texto_familia_izquierda_h4);\r\n        texto_familia.appendChild(texto_familia_derecha);\r\n        texto_familia_derecha.appendChild(texto_familia_derecha_p_1);\r\n        texto_familia_derecha.appendChild(texto_familia_derecha_p_2);\r\n        texto_familia_derecha.appendChild(texto_familia_derecha_p_3);\r\n\r\n        contenedor_principal.appendChild(texto_productos);\r\n        texto_productos.appendChild(texto_productos_izquierda);\r\n        texto_productos_izquierda.appendChild(texto_productos_izquierda_h2);\r\n        texto_productos_izquierda.appendChild(texto_productos_izquierda_h3);\r\n        texto_productos_izquierda.appendChild(texto_productos_izquierda_p_1);\r\n        texto_productos_izquierda.appendChild(texto_productos_izquierda_p_2);\r\n        texto_productos.appendChild(texto_productos_derecha);\r\n        texto_productos_derecha.appendChild(texto_productos_derecha_img);\r\n        texto_productos_derecha.appendChild(texto_productos_derecha_h4);\r\n\r\n        contenedor_principal.appendChild(texto_variedad);\r\n        texto_variedad.appendChild(texto_variedad_izquierda);\r\n        texto_variedad_izquierda.appendChild(texto_variedad_izquierda_img);\r\n        texto_variedad_izquierda.appendChild(texto_variedad_izquierda_h4);\r\n        texto_variedad.appendChild(texto_variedad_derecha);\r\n        texto_variedad_derecha.appendChild(texto_variedad_derecha_p_1);\r\n        texto_variedad_derecha.appendChild(texto_variedad_derecha_p_2);\r\n        texto_variedad_derecha.appendChild(texto_variedad_derecha_p_3);\r\n\r\n        contenedor_principal.appendChild(texto_final);\r\n        texto_final.appendChild(texto_final_h2);\r\n        texto_final.appendChild(texto_final_p);\r\n\r\n        main.classList.add(\"fondo-quienes-somos\");\r\n\r\n        contenedor_principal.classList.add(\"contenedor-principal\");\r\n        texto_introduccion.classList.add(\"texto-introduccion\");\r\n\r\n        texto_personas.classList.add(\"texto-personas\");\r\n        texto_personas_izquierda.classList.add(\"texto-personas-izquierda\");\r\n        texto_personas_derecha.classList.add(\"texto-personas-derecha\");\r\n\r\n        texto_familia.classList.add(\"texto-familia\");\r\n        texto_familia_izquierda.classList.add(\"texto-familia-izquierda\");\r\n        texto_familia_derecha.classList.add(\"texto-familia-derecha\");\r\n\r\n        texto_productos.classList.add(\"texto-productos\");\r\n        texto_productos_izquierda.classList.add(\"texto-productos-izquierda\");\r\n        texto_productos_derecha.classList.add(\"texto-productos-derecha\");\r\n\r\n        texto_variedad.classList.add(\"texto-variedad\");\r\n        texto_variedad_izquierda.classList.add(\"texto-variedad-izquierda\");\r\n        texto_variedad_derecha.classList.add(\"texto-variedad-derecha\");\r\n\r\n        texto_final.classList.add(\"texto-final\");\r\n\r\n        throw new Error(\"Error controlado\");\r\n    } else if (document.querySelector(\".ui-search--zrp\")) {\r\n        const ui_search = document.querySelector(\".ui-search--zrp\");\r\n\r\n        ui_search.remove();\r\n\r\n        let main = document.querySelector(\"#root-app\");\r\n\r\n        let contenedor_principal = document.createElement(\"div\");\r\n        let texto_introduccion = document.createElement(\"div\");\r\n        let texto_introduccion_h1 = document.createElement(\"h1\");\r\n        let texto_introduccion_p_1 = document.createElement(\"p\");\r\n        let texto_introduccion_p_2 = document.createElement(\"p\");\r\n\r\n        let texto_personas = document.createElement(\"div\");\r\n        let texto_personas_izquierda = document.createElement(\"div\");\r\n        let texto_personas_izquierda_h2 = document.createElement(\"h2\");\r\n        let texto_personas_izquierda_h3 = document.createElement(\"h3\");\r\n        let texto_personas_izquierda_p_1 = document.createElement(\"p\");\r\n        let texto_personas_izquierda_p_2 = document.createElement(\"p\");\r\n        let texto_personas_derecha = document.createElement(\"div\");\r\n        let texto_personas_derecha_img = document.createElement(\"img\");\r\n        let texto_personas_derecha_h4 = document.createElement(\"h4\");\r\n\r\n        let texto_familia = document.createElement(\"div\");\r\n        let texto_familia_izquierda = document.createElement(\"div\");\r\n        let texto_familia_izquierda_img = document.createElement(\"img\");\r\n        let texto_familia_izquierda_h4 = document.createElement(\"h4\");\r\n        let texto_familia_derecha = document.createElement(\"div\");\r\n        let texto_familia_derecha_p_1 = document.createElement(\"p\");\r\n        let texto_familia_derecha_p_2 = document.createElement(\"p\");\r\n        let texto_familia_derecha_p_3 = document.createElement(\"p\");\r\n\r\n        let texto_productos = document.createElement(\"div\");\r\n        let texto_productos_izquierda = document.createElement(\"div\");\r\n        let texto_productos_izquierda_h2 = document.createElement(\"h2\");\r\n        let texto_productos_izquierda_h3 = document.createElement(\"h3\");\r\n        let texto_productos_izquierda_p_1 = document.createElement(\"p\");\r\n        let texto_productos_izquierda_p_2 = document.createElement(\"p\");\r\n        let texto_productos_derecha = document.createElement(\"div\");\r\n        let texto_productos_derecha_img = document.createElement(\"img\");\r\n        let texto_productos_derecha_h4 = document.createElement(\"h4\");\r\n\r\n        let texto_variedad = document.createElement(\"div\");\r\n        let texto_variedad_izquierda = document.createElement(\"div\");\r\n        let texto_variedad_izquierda_img = document.createElement(\"img\");\r\n        let texto_variedad_izquierda_h4 = document.createElement(\"h4\");\r\n        let texto_variedad_derecha = document.createElement(\"div\");\r\n        let texto_variedad_derecha_p_1 = document.createElement(\"p\");\r\n        let texto_variedad_derecha_p_2 = document.createElement(\"p\");\r\n        let texto_variedad_derecha_p_3 = document.createElement(\"p\");\r\n\r\n        let texto_final = document.createElement(\"div\");\r\n        let texto_final_h2 = document.createElement(\"h2\");\r\n        let texto_final_p = document.createElement(\"p\");\r\n\r\n        texto_introduccion_h1.textContent = \"Somos...\";\r\n        texto_introduccion_p_1.textContent = \"Somos una empresa joven, creada en diciembre del 2020 por un grupo de especialistas en el rubro con mas de 10 años de experiencia.\";\r\n        texto_introduccion_p_2.textContent = \"Nos dedicamos a la importación y distribución de productos esenciales para el uso cotidiano. Actualmente manejamos 8 categorias en nuestra web, estas son: Belleza, Mascotas, Deporte, Cocina, Decohogar, Oficina, Infantil, y Esenciales\";\r\n\r\n        texto_personas_izquierda_h2.textContent = \"Personas\";\r\n        texto_personas_izquierda_h3.textContent = \"Con valor y dedicación\";\r\n        texto_personas_izquierda_p_1.textContent = \"Somos un equipo de personas dedicadas a entregar el mejor servicio de venta y post venta en Esencial Shop.\";\r\n        texto_personas_izquierda_p_2.textContent = \"Nos caracterizamos por la simpatía y compañerismo. Somos personas especialistas en nuestra área, comprometidos con nuestro trabajo y nuestros clientes. Siempre buscamos mejorar y crecer como personas y profesionales. Nuestro valor se basa en desarrollar todas las gestiones en torno a ustedes.\";\r\n        texto_personas_derecha_img.src = \"https://iili.io/hDDRPs.png\";\r\n        texto_personas_derecha_h4.innerHTML = \"Despachamos a <br> todo Chile\";\r\n\r\n        texto_familia_izquierda_img.src = \"https://iili.io/hDD7KG.png\";\r\n        texto_familia_izquierda_h4.innerHTML = \"Trabajamos en <br> familia\";\r\n        texto_familia_derecha_p_1.textContent = \"La motivación es algo diario en nuestro ADN, trabajamos con metas, desafíos y plazos para mantener siempre activo a nuestro equipo.\"\r\n        texto_familia_derecha_p_2.textContent = \"Cada problema o inconveniente lo trabajamos como familia para sobrellevarlo, asimismo cuando hay celebraciones. Es un éxito compartido.\"\r\n        texto_familia_derecha_p_3.textContent = \"En Esencial shop buscamos estar a la vanguardia y en tendencia con los productos del momento. Siempre innovamos para que quienes visitan nuestra tienda se lleven algo novedoso, bonito y de calidad a su hogar.\";\r\n\r\n        texto_productos_izquierda_h2.textContent = \"Nuestros productos\";\r\n        texto_productos_izquierda_h3.textContent = \"y procesos\";\r\n        texto_productos_izquierda_p_1.textContent = \"Nos especializamos en la importación, principalmente del comercio asiatico. Nuestros productos pasan por un proceso de selección especial en donde revisamos la utilidad, calidad y practicidad.\";\r\n        texto_productos_izquierda_p_2.textContent = \"Nuestro fin es satisfacer, facilitar y embellecer los espacios de nuestros clientes. Buscamos la manera de tener los mejores artículos al mejor precio para que todos puedan acceder a ellos.\";\r\n        texto_productos_derecha_img.src = \"https://iili.io/hDDYlf.png\";\r\n        texto_productos_derecha_h4.innerHTML = \"Mas de 500 <br> productos activos\";\r\n\r\n        texto_variedad_izquierda_img.src = \"https://iili.io/hDDaS4.png\";\r\n        texto_variedad_izquierda_h4.innerHTML = \"Variedad en <br> colores y diseños\";\r\n        texto_variedad_derecha_p_1.textContent = \"El proceso lo compone el equipo de calidad, logística y marketing para estar pendiente de cualquier detalle que pueda aparecer.\"\r\n        texto_variedad_derecha_p_2.textContent = \"Actualmente tenemos un aproximado de 500 productos activos en nuestra web, brindando diversidad de colores, diseños y variantes disponibles del mismo objeto.\";\r\n        texto_variedad_derecha_p_3.textContent = \"Realizamos 4 importaciones al año, con el fin de ir renovando y supliendo las nuevas necesidades de nuestros clientes. Además de abarcar las distintas temporadas para entregar un artículo nuevo que se adapte a sus requerimientos.\"\r\n\r\n        texto_final_h2.textContent = \"Meta\";\r\n        texto_final_p.textContent = \"Nuestra meta es clara: entregar siempre calidad, tendencia y servicio a quienes nos prefieren y han confiado en nosotros.\";\r\n\r\n        main.appendChild(contenedor_principal);\r\n        contenedor_principal.appendChild(texto_introduccion);\r\n        texto_introduccion.appendChild(texto_introduccion_h1);\r\n        texto_introduccion.appendChild(texto_introduccion_p_1);\r\n        texto_introduccion.appendChild(texto_introduccion_p_2);\r\n\r\n        contenedor_principal.appendChild(texto_personas);\r\n        texto_personas.appendChild(texto_personas_izquierda);\r\n        texto_personas_izquierda.appendChild(texto_personas_izquierda_h2);\r\n        texto_personas_izquierda.appendChild(texto_personas_izquierda_h3);\r\n        texto_personas_izquierda.appendChild(texto_personas_izquierda_p_1);\r\n        texto_personas_izquierda.appendChild(texto_personas_izquierda_p_2);\r\n        texto_personas.appendChild(texto_personas_derecha);\r\n        texto_personas_derecha.appendChild(texto_personas_derecha_img);\r\n        texto_personas_derecha.appendChild(texto_personas_derecha_h4);\r\n\r\n        contenedor_principal.appendChild(texto_familia);\r\n        texto_familia.appendChild(texto_familia_izquierda);\r\n        texto_familia_izquierda.appendChild(texto_familia_izquierda_img);\r\n        texto_familia_izquierda.appendChild(texto_familia_izquierda_h4);\r\n        texto_familia.appendChild(texto_familia_derecha);\r\n        texto_familia_derecha.appendChild(texto_familia_derecha_p_1);\r\n        texto_familia_derecha.appendChild(texto_familia_derecha_p_2);\r\n        texto_familia_derecha.appendChild(texto_familia_derecha_p_3);\r\n\r\n        contenedor_principal.appendChild(texto_productos);\r\n        texto_productos.appendChild(texto_productos_izquierda);\r\n        texto_productos_izquierda.appendChild(texto_productos_izquierda_h2);\r\n        texto_productos_izquierda.appendChild(texto_productos_izquierda_h3);\r\n        texto_productos_izquierda.appendChild(texto_productos_izquierda_p_1);\r\n        texto_productos_izquierda.appendChild(texto_productos_izquierda_p_2);\r\n        texto_productos.appendChild(texto_productos_derecha);\r\n        texto_productos_derecha.appendChild(texto_productos_derecha_img);\r\n        texto_productos_derecha.appendChild(texto_productos_derecha_h4);\r\n\r\n        contenedor_principal.appendChild(texto_variedad);\r\n        texto_variedad.appendChild(texto_variedad_izquierda);\r\n        texto_variedad_izquierda.appendChild(texto_variedad_izquierda_img);\r\n        texto_variedad_izquierda.appendChild(texto_variedad_izquierda_h4);\r\n        texto_variedad.appendChild(texto_variedad_derecha);\r\n        texto_variedad_derecha.appendChild(texto_variedad_derecha_p_1);\r\n        texto_variedad_derecha.appendChild(texto_variedad_derecha_p_2);\r\n        texto_variedad_derecha.appendChild(texto_variedad_derecha_p_3);\r\n\r\n        contenedor_principal.appendChild(texto_final);\r\n        texto_final.appendChild(texto_final_h2);\r\n        texto_final.appendChild(texto_final_p);\r\n\r\n        main.classList.add(\"fondo-quienes-somos\");\r\n\r\n        contenedor_principal.classList.add(\"contenedor-principal\");\r\n        texto_introduccion.classList.add(\"texto-introduccion\");\r\n\r\n        texto_personas.classList.add(\"texto-personas\");\r\n        texto_personas_izquierda.classList.add(\"texto-personas-izquierda\");\r\n        texto_personas_derecha.classList.add(\"texto-personas-derecha\");\r\n\r\n        texto_familia.classList.add(\"texto-familia\");\r\n        texto_familia_izquierda.classList.add(\"texto-familia-izquierda\");\r\n        texto_familia_derecha.classList.add(\"texto-familia-derecha\");\r\n\r\n        texto_productos.classList.add(\"texto-productos\");\r\n        texto_productos_izquierda.classList.add(\"texto-productos-izquierda\");\r\n        texto_productos_derecha.classList.add(\"texto-productos-derecha\");\r\n\r\n        texto_variedad.classList.add(\"texto-variedad\");\r\n        texto_variedad_izquierda.classList.add(\"texto-variedad-izquierda\");\r\n        texto_variedad_derecha.classList.add(\"texto-variedad-derecha\");\r\n\r\n        texto_final.classList.add(\"texto-final\");\r\n\r\n        throw new Error(\"Error controlado\");\r\n    }\r\n}","src":"","priority":10,"key":"widget-4"},{"code":"/******/\n(function (modules) { // webpackBootstrap\n  /******/ // The module cache\n  /******/\n  var installedModules = {};\n  /******/\n  /******/ // The require function\n  /******/\n  function __webpack_require__(moduleId) {\n    /******/\n    /******/ // Check if module is in cache\n    /******/\n    if (installedModules[moduleId]) {\n      /******/\n      return installedModules[moduleId].exports;\n      /******/\n    }\n    /******/ // Create a new module (and put it into the cache)\n    /******/\n    var module = installedModules[moduleId] = {\n      /******/\n      i: moduleId,\n      /******/\n      l: false,\n      /******/\n      exports: {}\n      /******/\n    };\n    /******/\n    /******/ // Execute the module function\n    /******/\n    modules[moduleId].call(module.exports, module, module.exports, __webpack_require__);\n    /******/\n    /******/ // Flag the module as loaded\n    /******/\n    module.l = true;\n    /******/\n    /******/ // Return the exports of the module\n    /******/\n    return module.exports;\n    /******/\n  }\n  /******/\n  /******/\n  /******/ // expose the modules object (__webpack_modules__)\n  /******/\n  __webpack_require__.m = modules;\n  /******/\n  /******/ // expose the module cache\n  /******/\n  __webpack_require__.c = installedModules;\n  /******/\n  /******/ // define getter function for harmony exports\n  /******/\n  __webpack_require__.d = function (exports, name, getter) {\n    /******/\n    if (!__webpack_require__.o(exports, name)) {\n      /******/\n      Object.defineProperty(exports, name, {\n        enumerable: true,\n        get: getter\n      });\n      /******/\n    }\n    /******/\n  };\n  /******/\n  /******/ // define __esModule on exports\n  /******/\n  __webpack_require__.r = function (exports) {\n    /******/\n    if (typeof Symbol !== 'undefined' && Symbol.toStringTag) {\n      /******/\n      Object.defineProperty(exports, Symbol.toStringTag, {\n        value: 'Module'\n      });\n      /******/\n    }\n    /******/\n    Object.defineProperty(exports, '__esModule', {\n      value: true\n    });\n    /******/\n  };\n  /******/\n  /******/ // create a fake namespace object\n  /******/ // mode & 1: value is a module id, require it\n  /******/ // mode & 2: merge all properties of value into the ns\n  /******/ // mode & 4: return value when already ns object\n  /******/ // mode & 8|1: behave like require\n  /******/\n  __webpack_require__.t = function (value, mode) {\n    /******/\n    if (mode & 1) value = __webpack_require__(value);\n    /******/\n    if (mode & 8) return value;\n    /******/\n    if ((mode & 4) && typeof value === 'object' && value && value.__esModule) return value;\n    /******/\n    var ns = Object.create(null);\n    /******/\n    __webpack_require__.r(ns);\n    /******/\n    Object.defineProperty(ns, 'default', {\n      enumerable: true,\n      value: value\n    });\n    /******/\n    if (mode & 2 && typeof value != 'string')\n      for (var key in value) __webpack_require__.d(ns, key, function (key) {\n        return value[key];\n      }.bind(null, key));\n    /******/\n    return ns;\n    /******/\n  };\n  /******/\n  /******/ // getDefaultExport function for compatibility with non-harmony modules\n  /******/\n  __webpack_require__.n = function (module) {\n    /******/\n    var getter = module && module.__esModule ?\n      /******/\n      function getDefault() {\n        return module['default'];\n      } :\n      /******/\n      function getModuleExports() {\n        return module;\n      };\n    /******/\n    __webpack_require__.d(getter, 'a', getter);\n    /******/\n    return getter;\n    /******/\n  };\n  /******/\n  /******/ // Object.prototype.hasOwnProperty.call\n  /******/\n  __webpack_require__.o = function (object, property) {\n    return Object.prototype.hasOwnProperty.call(object, property);\n  };\n  /******/\n  /******/ // __webpack_public_path__\n  /******/\n  __webpack_require__.p = \"\";\n  /******/\n  /******/\n  /******/ // Load entry module and return exports\n  /******/\n  return __webpack_require__(__webpack_require__.s = 1);\n  /******/\n})\n/************************************************************************/\n/******/\n({\n\n  /***/\n  \"./templates/_shared/assets/scripts/cookie-disclaimer.js\":\n    /*!***************************************************************!*\\\n      !*** ./templates/_shared/assets/scripts/cookie-disclaimer.js ***!\n      \\***************************************************************/\n    /*! no static exports found */\n    /***/\n    (function (module, exports, __webpack_require__) {\n\n      eval(\"var googleAnalyticsHandler = __webpack_require__(/*! ./utils/google-analytics */ \\\"./templates/_shared/assets/scripts/utils/google-analytics.js\\\");\\n\\nvar _require = __webpack_require__(/*! ./utils/constants/googleAnalytics */ \\\"./templates/_shared/assets/scripts/utils/constants/googleAnalytics/index.js\\\"),\\n    EVENT = _require.EVENT,\\n    TYPE = _require.TYPE,\\n    EVENT_CATEGORY = _require.EVENT_CATEGORY,\\n    EVENT_ACTION = _require.EVENT_ACTION;\\n\\nvar cookieDisclaimerHandler = function cookieDisclaimerHandler() {\\n  var cookieDisclaimerBanner = document.querySelector(\\\"[data-js='cookieDisclaimerBanner']\\\");\\n  var cookieDisclaimerButton = document.querySelector(\\\"[data-js='cookieDisclaimerButton']\\\");\\n  var cookieDisclaimerMoreInfo = document.querySelector(\\\"[data-js='cookieDisclaimerMoreInfo']\\\");\\n  var siteId = cookieDisclaimerButton.getAttribute(\\\"site-id\\\").toLowerCase();\\n  var cookieName = \\\"_ml_cbanner_\\\".concat(siteId);\\n\\n  var setHideBanner = function setHideBanner() {\\n    cookieDisclaimerBanner.style.display = \\\"none\\\";\\n  };\\n\\n  var setShowBanner = function setShowBanner() {\\n    cookieDisclaimerBanner.style.display = \\\"flex\\\";\\n  };\\n\\n  var setDisclaimerCookie = function setDisclaimerCookie() {\\n    var expirarionTime = 60 * 60 * 24 * 365 * 3; // Three years\\n\\n    var disclaimerCookie = \\\"\\\".concat(cookieName, \\\"=1; max-age=\\\").concat(expirarionTime, \\\"; path=/;\\\");\\n    document.cookie = disclaimerCookie; // once the cookie is set, hide the banner\\n\\n    setHideBanner();\\n  };\\n\\n  if (cookieDisclaimerButton) {\\n    cookieDisclaimerButton.addEventListener(\\\"click\\\", function () {\\n      setDisclaimerCookie();\\n      googleAnalyticsHandler(EVENT.SEND, TYPE.EVENT, EVENT_CATEGORY.LGPD, EVENT_ACTION.ACCEPT);\\n    });\\n  }\\n\\n  if (cookieDisclaimerMoreInfo) {\\n    cookieDisclaimerMoreInfo.addEventListener(\\\"click\\\", function () {\\n      googleAnalyticsHandler(EVENT.SEND, TYPE.EVENT, EVENT_CATEGORY.LGPD, EVENT_ACTION.MORE_INFO);\\n    });\\n  }\\n\\n  if (document.cookie.indexOf(\\\"\\\".concat(cookieName, \\\"=\\\")) === -1) {\\n    setShowBanner();\\n  }\\n};\\n\\nmodule.exports = cookieDisclaimerHandler;\\n\\n//# sourceURL=webpack:///./templates/_shared/assets/scripts/cookie-disclaimer.js?\");\n\n      /***/\n    }),\n\n  /***/\n  \"./templates/_shared/assets/scripts/utils/constants/googleAnalytics/index.js\":\n    /*!***********************************************************************************!*\\\n      !*** ./templates/_shared/assets/scripts/utils/constants/googleAnalytics/index.js ***!\n      \\***********************************************************************************/\n    /*! no static exports found */\n    /***/\n    (function (module, exports) {\n\n      eval(\"module.exports = {\\n  EVENT: {\\n    SEND: 'send',\\n    SET: 'set'\\n  },\\n  TYPE: {\\n    EVENT: 'event',\\n    PAGE: 'page'\\n  },\\n  EVENT_CATEGORY: {\\n    LGPD: 'LGPD'\\n  },\\n  EVENT_ACTION: {\\n    ACCEPT: 'ACCEPT',\\n    MORE_INFO: 'MORE_INFO'\\n  }\\n};\\n\\n//# sourceURL=webpack:///./templates/_shared/assets/scripts/utils/constants/googleAnalytics/index.js?\");\n\n      /***/\n    }),\n\n  /***/\n  \"./templates/_shared/assets/scripts/utils/google-analytics.js\":\n    /*!********************************************************************!*\\\n      !*** ./templates/_shared/assets/scripts/utils/google-analytics.js ***!\n      \\********************************************************************/\n    /*! no static exports found */\n    /***/\n    (function (module, exports) {\n\n      eval(\"var googleAnalyticsHandler = function googleAnalyticsHandler(event, hitType, eventCategory, eventAction) {\\n  if (meli_ga && typeof meli_ga !== 'undefined') {\\n    meli_ga(event, {\\n      hitType: hitType,\\n      eventCategory: eventCategory,\\n      eventAction: eventAction\\n    });\\n  }\\n};\\n\\nmodule.exports = googleAnalyticsHandler;\\n\\n//# sourceURL=webpack:///./templates/_shared/assets/scripts/utils/google-analytics.js?\");\n\n      /***/\n    }),\n\n  /***/\n  \"./templates/tools/assets/scripts/menu/src/index.js\":\n    /*!**********************************************************!*\\\n      !*** ./templates/tools/assets/scripts/menu/src/index.js ***!\n      \\**********************************************************/\n    /*! no static exports found */\n    /***/\n    (function (module, exports, __webpack_require__) {\n      eval(\"var cookieDisclaimerHandler = __webpack_require__(/*! ../../../../../_shared/assets/scripts/cookie-disclaimer */ \\\"./templates/_shared/assets/scripts/cookie-disclaimer.js\\\");\\n\\n(function () {\\n  function performSearch(event) {\\n    event.preventDefault();\\n    var searchInput = document.getElementById(\\\"search-input\\\");\\n    window.location = \\\"/\\\" + encodeURIComponent(searchInput.value);\\n  }\\n\\n  var searchForm = document.getElementById(\\\"search-form\\\");\\n  searchForm.onsubmit = performSearch;\\n  cookieDisclaimerHandler();\\n})();\\n\\n(function () {\\n  var modeDropdown = document.querySelector(\\\"#more-dropdown\\\");\\n  var modeDropdownContainer = document.querySelector(\\\".nav-list__item--more\\\");\\n\\n  var moreCategoriesStatus = function moreCategoriesStatus() {\\n    var status = [];\\n    var items = modeDropdown.querySelectorAll(\\\".nav-list__item\\\");\\n\\n    for (var i = 0; i < items.length; i++) {\\n      status.push(items[i].style.display);\\n    }\\n\\n    var noneQnt = status.filter(function (statusItem) {\\n      return statusItem == \\\"none\\\";\\n    });\\n    return noneQnt.length >= status.length;\\n  };\\n\\n  var moreCategoriesToggle = function moreCategoriesToggle() {\\n    if (!moreCategoriesStatus()) {\\n      modeDropdownContainer.style.display = \\\"initial\\\";\\n    } else {\\n      modeDropdownContainer.style.display = \\\"none\\\";\\n    }\\n  };\\n\\n  window.addEventListener(\\\"resize\\\", function () {\\n    moreCategoriesStatus();\\n    moreCategoriesToggle();\\n    setMobileMenuHeight();\\n  });\\n  document.querySelectorAll(\\\".toggle-menu\\\").forEach(function (menuItem) {\\n    menuItem.addEventListener(\\\"click\\\", function (e) {\\n      e.target.classList.toggle(\\\"active\\\");\\n      var target = e.target.classList.contains(\\\"subcategory\\\") ? '.target-' + e.target.getAttribute(\\\"data-js\\\") + ' .nav-tools-list--vertical__subitem' : '.target-' + e.target.getAttribute(\\\"data-js\\\");\\n      var activeClass = menuItem.classList.contains(\\\"active\\\");\\n      var parentElement_ = e.target.parentElement.parentElement.querySelector(\\\".nav-tools-list--vertical__attr-container\\\");\\n\\n      if (e.target.classList.contains(\\\"subcategory\\\")) {\\n        if (activeClass) {\\n          document.querySelectorAll(target).forEach(function (a) {\\n            a;\\n            a.style.display = \\\"inline\\\";\\n          });\\n        } else {\\n          document.querySelectorAll(target).forEach(function (a) {\\n            a;\\n            a.style.display = \\\"none\\\";\\n          });\\n        }\\n      } else {\\n        if (activeClass) {\\n          parentElement_.style.display = \\\"inline\\\";\\n        } else {\\n          parentElement_.style.display = \\\"none\\\";\\n        }\\n      }\\n    });\\n  });\\n  var navList = document.getElementById(\\\"nav-list\\\");\\n\\n  function showHamburgerMenu() {\\n    var navListChildren = navList.children;\\n    var maxWidthNavList = 400;\\n    var totalWidth = 0;\\n\\n    for (var i = 0; i < navListChildren.length; i++) {\\n      totalWidth = totalWidth + navListChildren[i].offsetWidth;\\n    }\\n\\n    return totalWidth > maxWidthNavList;\\n  }\\n\\n  window.addEventListener(\\\"resize\\\", showHamburgerMenu);\\n  var navPopoverList = document.querySelector(\\\"#nav-list\\\");\\n  var button = document.querySelector(\\\".nav-list__item--more\\\");\\n  var navListChildren = navPopoverList.querySelectorAll(\\\"[tools-custom-data-emitter]\\\");\\n  var buttonListChildren = button.querySelectorAll(\\\".nav-list--dropdown [tools-custom-data-receiver]\\\");\\n\\n  function numberOfActiveItems(number) {\\n    try {\\n      for (var i = 0; i < navListChildren.length; i++) {\\n        if (navListChildren[i].className !== \\\"nav-list__item how-buy__button\\\") {\\n          navListChildren[i].style.display = \\\"inline\\\";\\n          buttonListChildren[i].style.display = \\\"block\\\";\\n        }\\n\\n        if (navListChildren[i].getAttribute(\\\"tools-custom-data-emitter\\\") > number - 1) {\\n          navListChildren[i].style.display = \\\"none\\\";\\n        } else {\\n          buttonListChildren[i].style.display = \\\"none\\\";\\n        }\\n      }\\n    } catch (e) {}\\n  } // ------> I leave this session commented because I believe the code can be improved to make it clearer. having more time I will take care of improving it\\n  //In this session an algorithm was created to check the number of elements that can be displayed in the menu in relation to their size\\n\\n\\n  var menuElement = document.querySelector(\\\"#nav-list\\\");\\n  var menuElementChildrens = menuElement.querySelectorAll(\\\".nav-list__item\\\");\\n  var safePaddingArea = 300;\\n\\n  function checkMenuFill(menuChildren, utils) {\\n    //here I try to stop the propagation of foreach when the number of elements exceeds the menu overflow\\n    if (!utils.stopPropagation) {\\n      numberOfActiveItems(utils.counter + 1);\\n    } else {\\n      return;\\n    }\\n\\n    utils.currentMenuFill += menuChildren.getBoundingClientRect().width; //I put it in the -200 condition so that the overflow has a safe space in relation to the right padding\\n\\n    if (utils.currentMenuFill > utils.menuSize - safePaddingArea) {\\n      numberOfActiveItems(utils.counter);\\n      utils.stopPropagation = true;\\n    }\\n  } //Here I am creating a literal utilities object for executing the script\\n\\n\\n  function runActiveMenuItems() {\\n    //it is necessary to instantiate the number of items visible at zero in this instance of the function\\n    numberOfActiveItems(0);\\n    var utils = {\\n      menuSize: 0,\\n      currentMenuFill: 0,\\n      counter: 0,\\n      stopPropagation: false\\n    };\\n    var menu = document.querySelector(\\\"#nav-list\\\");\\n    var menuWidth = parseFloat(menu.getBoundingClientRect().width);\\n    utils.menuSize = menuWidth;\\n    menuElementChildrens.forEach(function (element, index) {\\n      utils.counter = index;\\n      checkMenuFill(element, utils);\\n    });\\n  }\\n\\n  runActiveMenuItems();\\n  window.addEventListener(\\\"resize\\\", function (e) {\\n    var width = e.srcElement.innerWidth;\\n    runActiveMenuItems();\\n  }); //Mobile menu actions\\n\\n  var categoriesOption = document.querySelectorAll('[data-js=\\\"categories-toggle\\\"]'); // this conditional fix chrome 43 version warning\\n\\n  if (categoriesOption && categoriesOption.length > 0) {\\n    categoriesOption.forEach(function (item) {\\n      item.addEventListener(\\\"click\\\", toggleSubItems);\\n    }, this);\\n  }\\n\\n  function toggleSubItems() {\\n    var displayHidden = \\\"none\\\";\\n    var displayVisible = \\\"block\\\";\\n    var subItemes = document.querySelectorAll('[data-toggle=\\\"' + this.id + '\\\"]');\\n    subItemes.forEach(function (item) {\\n      item.style.display = this.checked ? displayVisible : displayHidden;\\n    }, this);\\n  }\\n\\n  function hideAllMenu() {\\n    try {\\n      document.querySelectorAll(\\\".submenu--visible\\\").forEach(function (element) {\\n        element.classList.remove(\\\"submenu--visible\\\");\\n      });\\n    } catch (e) {}\\n\\n    try {\\n      document.querySelectorAll(\\\".submenu--active\\\").forEach(function (element) {\\n        element.classList.remove(\\\"submenu--active\\\");\\n      });\\n    } catch (e) {}\\n\\n    try {\\n      var categoriesElements = document.querySelector(\\\"#more-dropdown\\\");\\n      categoriesElements.classList.remove(\\\"more-dropdown--visible\\\");\\n    } catch (e) {}\\n  }\\n\\n  var menuItem = document.querySelectorAll(\\\"[tools-custom-data-emitter]\\\").forEach(function (item) {\\n    childrenClass = item.getAttribute(\\\"tools-custom-data-emitter\\\");\\n    item.addEventListener(\\\"mouseover\\\", function (element) {\\n      hideAllMenu();\\n\\n      try {\\n        item.classList.add(\\\"submenu--active\\\");\\n        var elementTarget = element.target.getAttribute(\\\"tools-custom-data-emitter\\\");\\n        var subcategoryElement = document.querySelector('[data-toggle=\\\"' + elementTarget + '\\\"]');\\n        subcategoryElement.classList.add(\\\"submenu--visible\\\");\\n      } catch (e) {}\\n    });\\n  });\\n  document.querySelector(\\\".nav-list__item--more\\\").addEventListener(\\\"mouseover\\\", function (element) {\\n    hideAllMenu();\\n    var categoriesElements = document.querySelector(\\\"#more-dropdown\\\");\\n\\n    if (!moreCategoriesStatus()) {\\n      categoriesElements.classList.add(\\\"more-dropdown--visible\\\");\\n    }\\n  });\\n  document.querySelector(\\\".nav-tools-header__categories\\\").addEventListener(\\\"mouseleave\\\", function (element) {\\n    var categoriesElements = document.querySelector(\\\"#more-dropdown\\\");\\n    categoriesElements.classList.remove(\\\"more-dropdown--visible\\\");\\n    hideAllMenu();\\n  });\\n\\n  function setMenuArrowsColor() {\\n    try {\\n      var arrows = document.querySelectorAll(\\\".nav-header__toggle\\\");\\n      var hr = document.querySelectorAll(\\\".nav-tools-list--vertical__hr.header--custom-border, #more-dropdown .nav-list__item hr\\\");\\n      var colorReferenceElement = document.querySelector(\\\".nav-list .header--custom-text a\\\");\\n      var colorReference = window.getComputedStyle(colorReferenceElement, null).getPropertyValue(\\\"color\\\");\\n      arrows.forEach(function (element) {\\n        element.style.backgroundColor = colorReference;\\n      });\\n      hr.forEach(function (element) {\\n        element.style.backgroundColor = colorReference;\\n        element.style.padding = \\\"0.5px\\\";\\n      });\\n    } catch (e) {}\\n  }\\n\\n  function setMobileMenuHeight() {\\n    var header = document.querySelector(\\\".header-wrapper.header-wrapper--fixed\\\");\\n    var headerSize = window.getComputedStyle(header, null).getPropertyValue(\\\"height\\\");\\n    var menuContainer = document.querySelector(\\\"#mobile-categories-menu-switch ~ .nav-list--vertical\\\");\\n    menuContainer.style.height = \\\"calc(100vh - \\\" + headerSize + \\\")\\\";\\n    menuContainer.style.top = headerSize;\\n    menuContainer.style.marginTop = \\\"0px\\\";\\n    menuContainer.style.marginBottom = \\\"12px\\\";\\n  }\\n\\n  function checkEmptyCategory() {\\n    var parentElement = document.querySelectorAll(\\\".nav-tools-list--vertical__category.header--custom-text\\\");\\n\\n    try {\\n      parentElement.forEach(function (element) {\\n        var dataJsElement = element.querySelector(\\\"[data-js]\\\");\\n        var attribute = dataJsElement ? dataJsElement.getAttribute(\\\"data-js\\\") : \\\"\\\";\\n        var elementTarget = document.querySelector(\\\".target-\\\" + attribute);\\n\\n        if (elementTarget != null && elementTarget.childElementCount == 0) {\\n          element.querySelector(\\\".toggle-menu.subcategory\\\").remove();\\n        }\\n      });\\n    } catch (e) {\\n      console.error(e);\\n    }\\n  }\\n\\n  function allowOnlyClickEvents(element) {\\n    document.querySelectorAll(element).forEach(function (element) {\\n      element.addEventListener('click', function () {\\n        element.querySelector('.nav-list__link:not(div)').style.pointerEvents = \\\"all\\\";\\n        element.querySelector('.nav-list__link').click();\\n      });\\n    });\\n  }\\n\\n  var navListItemMore = document.querySelector('.nav-list__item--more');\\n  navListItemMore.addEventListener('mouseover', function (element) {\\n    try {\\n      navListItemMore.classList.add(\\\"submenu--active\\\");\\n    } catch (e) {}\\n  });\\n  navListItemMore.addEventListener('mouseleave', function (element) {\\n    try {\\n      navListItemMore.classList.remove(\\\"submenu--active\\\");\\n    } catch (e) {}\\n  });\\n\\n  var showMenu = function showMenu() {\\n    var menuCategories = document.querySelector('.nav-tools-header__categories');\\n    menuCategories.classList.add('nav-tools-header__categories--visible');\\n    document.querySelector('.nav-tools-header__top-bound-separation').style.overflow = \\\"auto\\\";\\n  };\\n\\n  allowOnlyClickEvents('#nav-list .nav-list__item');\\n  moreCategoriesToggle();\\n  setMenuArrowsColor();\\n  setMobileMenuHeight();\\n  checkEmptyCategory();\\n  showMenu();\\n})();\\n\\n//# sourceURL=webpack:///./templates/tools/assets/scripts/menu/src/index.js?\");\n    }),\n\n  /***/\n  1:\n    /*!****************************************************************!*\\\n      !*** multi ./templates/tools/assets/scripts/menu/src/index.js ***!\n      \\****************************************************************/\n    /*! no static exports found */\n    /***/\n    (function (module, exports, __webpack_require__) {\n\n      eval(\"module.exports = __webpack_require__(/*! ./templates/tools/assets/scripts/menu/src/index.js */\\\"./templates/tools/assets/scripts/menu/src/index.js\\\");\\n\\n\\n//# sourceURL=webpack:///multi_./templates/tools/assets/scripts/menu/src/index.js?\");\n\n      /***/\n    })\n\n  /******/\n});","src":"","priority":10,"key":"widget-5"}]